{"M": 1838000,
 "Q": 595,
 "a": [0.5521889981792469,
       0.44583073033426135,
       0.1299358155480619,
       0.16033176457151646,
       0.35365058591572485,
       0.410192386860298,
       0.48957265255887505,
       0.5297052756532499,
       0.32891664230425954,
       0.5620390087523397,
       0.17309462238596837,
       0.2432341969779164,
       0.19517941712157036,
       0.24225813769037222,
       0.5196613819118361,
       0.3023908740903475,
       0.1004357748372032,
       0.5824732407273495,
       0.5507022534331049,
       0.24798538443553872,
       0.3545705362100261,
       0.5643861057885567,
       0.20714359312573707,
       0.29638078560081493,
       0.36752217689231614,
       0.15947958080769095,
       0.16466356071697993,
       0.2424173034015911,
       0.23482375575501394,
       0.24720861142286962,
       0.3846847855617994,
       0.23702647144324498,
       0.3475089583647002,
       0.20303322568690932,
       0.2824482850776856,
       0.167481961851125,
       0.34056917046059954,
       0.26522154643809803,
       0.5083711801038336,
       0.36689855710938024,
       0.4734494929179943,
       0.1956016772324802,
       0.16861677297895386,
       0.19578458596868029,
       0.36342712398629795,
       0.41696643812288936,
       0.19273349973151457,
       0.39197721019316323,
       0.17544822728298629,
       0.1472666107497492,
       0.15765008349868412,
       0.5786388755904418,
       0.4256082472877961,
       0.3144436292400906,
       0.47221371703044446,
       0.2704965504483444,
       0.4815102500413069,
       0.11737971488784468,
       0.23943824995719035,
       0.33557574855170236,
       0.47687453931169244,
       0.3552427909069814,
       0.19205641544462473,
       0.3505966452074566,
       0.17653939507084535,
       0.28021270119437625,
       0.22995082021591698,
       0.10423432075608005,
       0.18803530880280103,
       0.417563576900563,
       0.49309551328298706,
       0.46992156147952524,
       0.36677017369016696,
       0.45471895635800297,
       0.12249646863964916,
       0.3381629786449811,
       0.2198417433668208,
       0.3407714727805248,
       0.13867639506586873,
       0.44539641658965856,
       0.20481057332207228,
       0.5961083498152967,
       0.3300634624136579,
       0.4326782540579981,
       0.383150224375825,
       0.5852620927889576,
       0.5081079210703069,
       0.1909648576686153,
       0.4705951186985653,
       0.32301818285995587,
       0.5424185861635499,
       0.22737439948773439,
       0.44276509071180026,
       0.26094471508249784,
       0.37927717257808047,
       0.3882155408396132,
       0.4044501043587583,
       0.25907969990142454,
       0.5572610904046942,
       0.4712995878986127,
       0.5378739481133399,
       0.161367856117576,
       0.11629555169407121,
       0.35686548732823953,
       0.5066712370292552,
       0.46197215434454064,
       0.335698096752154,
       0.3199340434897271,
       0.22805503154438186,
       0.5381727802853187,
       0.5185678117975433,
       0.10217407053993507,
       0.31149625141402404,
       0.33343236731083736,
       0.4081506770203718,
       0.3121012108603921,
       0.22712760739552532,
       0.24754448223240108,
       0.40189300743986855,
       0.5698545301719332,
       0.39460644088493113,
       0.5510502628900775,
       0.5261363379327926,
       0.15743432371324653,
       0.2206597706962862,
       0.3392277009369037,
       0.27262516642633394,
       0.3055880574736367,
       0.468485040591066,
       0.3038902383488242,
       0.3340017511323232,
       0.360262644797374,
       0.14749166981379083,
       0.2830705677629327,
       0.4351438830238411,
       0.3034126249575865,
       0.29142735115750973,
       0.46449035783197,
       0.22226580986345237,
       0.23903314768409487,
       0.37010166847773807,
       0.3847825456962184,
       0.25435892746376376,
       0.5835143504469361,
       0.5563320378355919,
       0.4108273191893448,
       0.3865306950872417,
       0.18312440566180002,
       0.5505771311230995,
       0.1946368321709606],
 "b": 0.35548351235831865,
 "c": [1514,
       1405,
       708,
       1965,
       934,
       1241,
       1997,
       570,
       1395,
       387,
       1391,
       1728,
       1002,
       713,
       1115,
       1587,
       895,
       1427,
       1462,
       1400,
       2000,
       1014,
       1829,
       1733,
       1528,
       1721,
       783,
       1242,
       1092,
       243,
       1144,
       644,
       1551,
       1599,
       552,
       1182,
       916,
       476,
       1885,
       722,
       546,
       1762,
       1434,
       235,
       745,
       1893,
       454,
       1830,
       1480,
       773,
       330,
       659,
       1750,
       718,
       1509,
       1914,
       342,
       1729,
       1030,
       776,
       1442,
       1918,
       726,
       448,
       826,
       1829,
       933,
       1964,
       1198,
       1051,
       358,
       674,
       1856,
       504,
       593,
       647,
       340,
       1087,
       647,
       1062,
       863,
       1258,
       1860,
       466,
       897,
       1406,
       437,
       1148,
       813,
       1785,
       1577,
       217,
       763,
       1526,
       1136,
       710,
       654,
       1086,
       1217,
       314,
       1206,
       1768,
       599,
       234,
       260,
       1546,
       838,
       1871,
       961,
       1064,
       650,
       1174,
       664,
       427,
       978,
       1926,
       1939,
       931,
       1765,
       1119,
       1214,
       482,
       1731,
       515,
       1472,
       1068,
       257,
       602,
       1404,
       1634,
       422,
       1953,
       1768,
       1298,
       1115,
       1740,
       995,
       729,
       1446,
       642,
       396,
       1142,
       431,
       1664,
       1186,
       1329,
       1984,
       844,
       569,
       1085],
 "kmax": 0.30401308834975715,
 "kmin": 0.2764335295510839,
 "n": 150,
 "p": 30,