{"M": 1608000,
 "Q": 551,
 "a": [0.14276249023311074,
       0.5627447306061052,
       0.4224463548435843,
       0.48998720600834156,
       0.4544197185250841,
       0.24405698430263492,
       0.308127976038156,
       0.30484683755410147,
       0.5922953487536091,
       0.307128578995555,
       0.2628618511751193,
       0.5189694826742376,
       0.5202368372524944,
       0.5207379158554909,
       0.1831709147175631,
       0.1746398766787509,
       0.2780444670112642,
       0.10496957993425246,
       0.1863800080416856,
       0.4355132248212833,
       0.4392101468638461,
       0.1883656725657835,
       0.25609615085222925,
       0.2455046434560307,
       0.5499376133662861,
       0.47643905385302654,
       0.5579988878668768,
       0.13480778822484138,
       0.32459285276811967,
       0.19332644607759644,
       0.4250345241515753,
       0.4611787087063678,
       0.4506296245510468,
       0.22004522211793523,
       0.3534625347288378,
       0.29092017758894373,
       0.4203213343147385,
       0.2832191235274161,
       0.1954962391857504,
       0.3354852775119378,
       0.35242783116229026,
       0.48262549480871675,
       0.5530159835720243,
       0.5472039456523298,
       0.24498229973195831,
       0.22891376695379897,
       0.2737799835655713,
       0.4362437334344009,
       0.4874919738429998,
       0.31434534119632185,
       0.5094274695889265,
       0.3284212969248822,
       0.2638111593473623,
       0.28120708860913934,
       0.4247535618950091,
       0.1909307053966137,
       0.26171525075068647,
       0.18592222005061684,
       0.3706204770834126,
       0.38015972115123087,
       0.5785956896197529,
       0.5415177323723382,
       0.5165510728006655,
       0.1737299139530524,
       0.27087581090268653,
       0.2902664144128708,
       0.13793760522352114,
       0.5388634705741695,
       0.5140240807381338,
       0.5921243197574965,
       0.421507295029359,
       0.3945522447880574,
       0.43827471938836815,
       0.412683223861367,
       0.17385105197296127,
       0.5628135266379943,
       0.27643122082723914,
       0.2805809908744953,
       0.4927218088924402,
       0.3638842662385289,
       0.22837983657615799,
       0.4701156801624785,
       0.10988421654042366,
       0.34777321142944706,
       0.4492795557201277,
       0.15783989044178107,
       0.10854365517761563,
       0.5551355980714883,
       0.1470089100494937,
       0.5385556457800257,
       0.5479477344087864,
       0.5299577573681777,
       0.40771526415639536,
       0.5111692970746731,
       0.5776162398780967,
       0.5585670955635643,
       0.5375143417399756,
       0.12424813334993087,
       0.19992705928237883,
       0.40037145861896484],
 "b": 0.25614036054984746,
 "c": [836,
       341,
       1711,
       1385,
       497,
       1793,
       1063,
       1584,
       644,
       1590,
       1648,
       633,
       830,
       318,
       1444,
       1015,
       248,
       1289,
       1165,
       1561,
       337,
       302,
       898,
       694,
       978,
       551,
       1027,
       1738,
       1065,
       627,
       570,
       1036,
       1075,
       1338,
       1011,
       937,
       273,
       1147,
       928,
       736,
       1289,
       609,
       1846,
       939,
       1274,
       856,
       844,
       236,
       1480,
       604,
       1810,
       1657,
       1269,
       1423,
       445,
       1487,
       673,
       864,
       1558,
       1031,
       269,
       203,
       489,
       1825,
       1310,
       649,
       785,
       1967,
       1694,
       1763,
       1573,
       1892,
       489,
       1544,
       1072,
       301,
       808,
       384,
       1485,
       1118,
       1214,
       1098,
       1118,
       1978,
       376,
       1449,
       276,
       1182,
       582,
       501,
       950,
       758,
       432,
       531,
       824,
       1355,
       785,
       661,
       1154,
       1549],
 "kmax": 0.3202461258875932,
 "kmin": 0.20268110168232797,
 "n": 100,
 "p": 20,