{"M": 1619000,
 "Q": 473,
 "a": [0.5855437102904368,
       0.15351367736660895,
       0.2486825469346309,
       0.38160280680797076,
       0.27726460823869714,
       0.5467286605828507,
       0.12888382382300154,
       0.5124854627537564,
       0.19314125163943782,
       0.1800155299412742,
       0.563434961870448,
       0.46008317926699005,
       0.109376574892284,
       0.28760456130140866,
       0.35487846131541123,
       0.5361932111122855,
       0.28962921597876834,
       0.49448229402761434,
       0.4063929489960306,
       0.5486331401897497,
       0.2702519061578661,
       0.45534396830078583,
       0.34320884162966636,
       0.32144016333146797,
       0.5931947759855615,
       0.2474895594779639,
       0.33228603183140515,
       0.16742518462517916,
       0.15722182403098042,
       0.2249362304955411,
       0.15379585167680085,
       0.16254766652205624,
       0.5358639968733353,
       0.14918665453416127,
       0.4986036174104017,
       0.5206578648551401,
       0.4628832376705261,
       0.5765228264771541,
       0.16218248481897682,
       0.4995879735124287,
       0.34873063981717367,
       0.17143109125916853,
       0.4736330195758752,
       0.4478533583150951,
       0.19217349493261018,
       0.42548517918091655,
       0.27954631427272847,
       0.5262216150575524,
       0.49687339223049565,
       0.38806891257096565,
       0.30209091692047296,
       0.5364177596105556,
       0.17448949880531658,
       0.2832371078340693,
       0.3202040984602249,
       0.14771428533691824,
       0.5669591941862636,
       0.33838269058392545,
       0.42512873640926807,
       0.3415056392058663,
       0.5867621523573249,
       0.18650039461391485,
       0.27751403650416484,
       0.5514800214502793,
       0.4437579672102496,
       0.4946872197047256,
       0.3479367290809102,
       0.2126613559415427,
       0.39728589035184636,
       0.5040254253203831,
       0.47957426098997047,
       0.1699846009875596,
       0.12033390856293966,
       0.5901536622076125,
       0.2142656577634857,
       0.5395852171749012,
       0.14146631302516086,
       0.2876864156034298,
       0.13029581989560005,
       0.169429386769243,
       0.5589017111994394,
       0.1955296403284474,
       0.5765839429649815,
       0.25226454079518656,
       0.12464247503900669,
       0.5184330760000421,
       0.2195004524699571,
       0.24034911177408283,
       0.13159057705320618,
       0.416893096704153,
       0.5754288077947173,
       0.5539015359835103,
       0.2264610841982669,
       0.5118669149895999,
       0.10458841366831159,
       0.13995779829481206,
       0.3059145772171423,
       0.44333733231800443,
       0.20218895835799358,
       0.3435084358844883,
       0.5090762951829755,
       0.40250417781199577,
       0.14399700338041257,
       0.36677814906748685,
       0.28917382135321,
       0.24643793965620567,
       0.23225012955643723,
       0.3167495954157402,
       0.2849656115229263,
       0.15188204666429098,
       0.4735962367076443,
       0.16613778991517522,
       0.45686857903955436,
       0.18156247372840498,
       0.5051716808303582,
       0.41158525768716325,
       0.3069533760314429,
       0.11847714754087849,
       0.5389701805643925,
       0.4430047797479326,
       0.46085454249867785,
       0.3359613206955473,
       0.347077637247463,
       0.18259219831401982,
       0.29421789693886347,
       0.5250037736159944,
       0.29141142500500994,
       0.49615968428191093,
       0.10461633664438283,
       0.36266029789594134,
       0.40695636855681705,
       0.14679514133560415,
       0.2057044263631049,
       0.26895385463543986,
       0.482413657878039,
       0.1985518252867712,
       0.16630720148077974,
       0.3037817388118573,
       0.2183645254725343,
       0.5226029169704666,
       0.3799725692937934,
       0.2839136803629585,
       0.5654837915941283,
       0.48127245609964076,
       0.14034470305985278,
       0.49488714888791563,
       0.39399271228788213,
       0.33684234138611124,
       0.27596417629749803,
       0.38413334622977047,
       0.28766170452256,
       0.38414174799681144,
       0.32720879677617953,
       0.5491798391532439,
       0.3201202189052931,
       0.48097607951682575,
       0.3798248790055494,
       0.47605777352342393,
       0.16588312018064297,
       0.5295644258433813,
       0.11027398636370242,
       0.1288792459790272,
       0.5540508329743244,
       0.32564907827592793,
       0.16996000541558107,
       0.28230514832163345,
       0.37854280877043034,
       0.5892810350583144,
       0.3982601998772656,
       0.5172230646848429,
       0.282521409904093,
       0.11999553693384138,
       0.32113544938300953,
       0.3112221458461043,
       0.4252397635301486,
       0.33783014352521556,
       0.4671290970334818,
       0.3220905349033276,
       0.4061060227054124,
       0.3609068997076137,
       0.431608111575844,
       0.1436451070341316,
       0.44215268909695593,
       0.38920553637499855,
       0.4887259149593126,
       0.23097425731014495,
       0.40793657242425796,
       0.22682096487440492,
       0.4847431950236295,
       0.5618840339329447,
       0.4638350159054545,
       0.2839242794311104,
       0.5692412841551118,
       0.1942867250084355,
       0.521126902551391,
       0.24818594653644535,
       0.3645798668140603,
       0.4995589689164972,
       0.577503015077252,
       0.2363316222645752],
 "b": 0.45478444316485844,