{"M": 1577000,
 "Q": 323,
 "a": [0.19917792201203197,
       0.5490312011557041,
       0.20830398090309096,
       0.4209866062405897,
       0.3799190236028621,
       0.17447303312258142,
       0.37390031087272235,
       0.4126069753482865,
       0.4338259553780571,
       0.3107157719005287,
       0.2687034571961082,
       0.3440664291623362,
       0.5698485839625764,
       0.41608801758558167,
       0.4510284040299204,
       0.27375576111016664,
       0.14463648285496375,
       0.5214641165857287,
       0.4056975166232456,
       0.5934945757725387,
       0.46792812714399457,
       0.349389994597776,
       0.1899359542144581,
       0.10592936990854371,
       0.5673846204510679,
       0.4196290667624635,
       0.3029053424706567,
       0.25139464756258467,
       0.5005268171691808,
       0.37956403551513995,
       0.5421547112330921,
       0.2796987763568326,
       0.506027246983094,
       0.4199356605707646,
       0.424772435545393,
       0.4391313628319078,
       0.12940461883189194,
       0.39792534169833693,
       0.43261042692718743,
       0.2363134974748418,
       0.5502927311246244,
       0.4922923504044512,
       0.10812820424767658,
       0.36972524087936376,
       0.1243696056098931,
       0.13478147130265786,
       0.4524650659761845,
       0.44251219127061114,
       0.21368870841651286,
       0.34863568421717783,
       0.43811012417414075,
       0.20506606484037207,
       0.13166074535264174,
       0.26798609647338234,
       0.250048515902382,
       0.4027404748745542,
       0.4379239823878628,
       0.5438961609673537,
       0.3486199981455945,
       0.2700414939322665,
       0.22134343258846326,
       0.5939465973802468,
       0.5557192280610436,
       0.365878148156654,
       0.3010453759432222,
       0.376959682271062,
       0.2755846597478073,
       0.46140262962453893,
       0.599212531362957,
       0.3749850017978337],
 "b": 0.24138830862251737,
 "c": [1913,
       1350,
       1406,
       559,
       1411,
       1500,
       1963,
       511,
       411,
       1449,
       1662,
       1164,
       407,
       570,
       1592,
       600,
       644,
       430,
       1173,
       1184,
       1316,
       1600,
       1678,
       1316,
       1820,
       1932,
       1308,
       1412,
       1299,
       1788,
       998,
       305,
       960,
       469,
       1625,
       1820,
       707,
       537,
       347,
       1871,
       477,
       381,
       911,
       1142,
       1359,
       1078,
       1298,
       703,
       1189,
       574,
       527,
       346,
       570,
       1141,
       1289,
       1461,
       432,
       786,
       1478,
       1096,
       328,
       540,
       1074,
       1144,
       1284,
       1933,
       784,
       1437,
       308,
       358],
 "kmax": 0.48578429212148133,
 "kmin": 0.25995271074246296,
 "n": 70,
 "p": 18,
 "points": [[34.59456732183814, 49.973710598253675],
            [65.50721484687234, 94.94149173792952],
            [3.3074248665668438, 55.63390158544485],
            [64.08001729800439, 15.844100170079578],
            [72.64475890121479, 37.85200983324921],
            [51.15532165250367, 57.82410628260413],
            [84.52807701565867, 70.18290597522223],
            [62.91896895232066, 5.134305647695325],
            [4.590995563768841, 52.90150439332159],
            [78.30427916910186, 70.3077865702398],
            [19.661886938013907, 27.17444173882694],
            [21.52504148025276, 40.83469363533958],
            [65.52760423503995, 27.03198694818053],
            [28.04446217411106, 78.17699026976939],
            [85.21164329969754, 54.74361971116708],
            [72.41143201319213, 43.31677618477619],
            [82.05336973552096, 82.43295390756634],
            [1.6541462588487321, 73.30402064663079],
            [71.724302451032, 71.92573748599213],
            [78.60732410584073, 93.71915835783588],
            [65.81630055733633, 18.749788177521133],
            [68.82053740803265, 99.03911323794193],
            [91.43703587161568, 86.5082025625372],
            [4.670308301948889, 0.7838989547189201],
            [74.95067105618435, 73.35399234388285],
            [70.83701642992665, 15.708258889249805],
            [11.85461347351704, 16.040197688409087],
            [82.31728257419228, 40.37180002921906],
            [17.91307121550776, 63.145626455754126],
            [3.8122067470904963, 9.410315064060226],
            [11.168789553628788, 68.9452829190147],
            [61.72659124628479, 57.38028270065219],
            [82.61093231490234, 74.47778285204237],
            [22.66512041826465, 8.788866030597742],
            [50.09359745254266, 31.369179779128466],
            [26.797344786582922, 50.94419215359797],
            [70.16286553172931, 90.71839574494037],
            [45.379312032823094, 53.32085826915929],
            [80.88151916771204, 38.92251699963823],
            [74.29817830882898, 98.491045398805],
            [21.07423350973079, 57.841497434095125],
            [72.071759772629, 13.356331667637633],
            [81.3008801060507, 73.71156773568437],
            [74.43982559452678, 84.35399356703853],
            [74.97590695242965, 74.1113980367214],
            [64.19054627788773, 63.97239793661043],
            [82.78523402316887, 83.4031482713876],
            [22.14909703084772, 66.21755847543498],
            [17.921992878745584, 82.15469487493965],
            [3.1830351465695905, 3.424634969482765],
            [1.942968055152805, 64.55804451665256],
            [53.16555145413323, 2.7561221660582613],
            [2.644262765785521, 74.76821664220851],
            [74.86961531021208, 23.142121962338457],
            [78.45280323432902, 84.42379038616986],
            [83.04731646519778, 55.51029161153589],
            [69.18041760569392, 77.20797320602047],
            [73.87443604265518, 40.70692575860504],
            [67.13342781941692, 69.69268961679656],
            [81.5063732311169, 34.9328793882178],
            [52.372664373114354, 19.179705669349858],
            [25.244485245873015, 54.146238693278804],
            [30.149869290639607, 64.5023364019114],
            [4.890198063010542, 10.937801029275063],
            [75.76772822039064, 44.285269870758185],
            [96.97040668517775, 12.253513705442353],
            [35.78236239094268, 92.34957191755953],
            [83.5874964568345, 97.81643985103268],
            [19.554063186948323, 35.93578209462919],
            [64.52307180860498, 27.707051705540675]]}